{"cameraMode":{"drawMode":0,"name":"Shaded","section":"Shading Mode"},"sceneLighting":true,"audioPlay":false,"sceneViewState":{"showFog":true,"showMaterialUpdate":false,"showSkybox":true,"showFlares":true,"showImageEffects":true,"showParticleSystems":true},"in2DMode":false,"pivot":{"x":-7.2229905128479,"y":2.0252108573913576,"z":-0.8345117568969727},"rotation":{"x":0.06791311502456665,"y":0.624843955039978,"z":-0.05469397455453873,"w":0.7758650183677673},"size":1.4896881580352784,"orthographic":false}