{"cameraMode":{"drawMode":0,"name":"Shaded","section":"Shading Mode"},"sceneLighting":false,"audioPlay":false,"sceneViewState":{"showFog":true,"showMaterialUpdate":false,"showSkybox":true,"showFlares":true,"showImageEffects":true,"showParticleSystems":true},"in2DMode":false,"pivot":{"x":0.002396642230451107,"y":-0.006836894899606705,"z":0.017466159537434579},"rotation":{"x":0.08520209789276123,"y":0.3597341477870941,"z":-0.03300752490758896,"w":0.9285701513290405},"size":0.16382044553756715,"orthographic":true}